date,open,high,low,close,volume
1/28/2013,66.269997,66.309998,65.440002,66.059998,2373300
1/29/2013,66.209999,66.410004,65.720001,65.949997,3170700
1/30/2013,66.139999,66.300003,65.370003,65.389999,1949800
1/31/2013,65.220001,65.279999,64.709999,64.82,1716300
2/1/2013,65.040001,65.370003,64.529999,65.32,1646500
2/4/2013,65,65.989998,64.690002,64.82,1482900
2/5/2013,65.279999,66.199997,65.279999,65.839996,1784200
2/6/2013,65.440002,66.029999,65.290001,65.410004,1869600
2/7/2013,65.559998,65.809998,64.949997,65.699997,1387700
2/8/2013,65.980003,66.620003,65.379997,66.279999,1530500
2/11/2013,66.059998,66.190002,65.400002,66.010002,894200
2/12/2013,66,66.25,65.43,66.010002,1114900
2/13/2013,64.139999,64.839996,62.849998,63,5755600
2/14/2013,63.07,64.019997,62.630001,63.290001,2622200
2/15/2013,63.18,63.810001,62.57,62.700001,2930700
2/19/2013,60.720001,62.799999,60.41,62.77,3448500
2/20/2013,62.799999,63,62.34,62.580002,2462500
2/21/2013,62.599998,63.16,62.099998,62.709999,2014200
2/22/2013,62.810001,63.200001,61.68,61.919998,1973700
2/25/2013,62.169998,62.84,61.459999,61.459999,2361600
2/26/2013,61.619999,61.98,61.200001,61.830002,2558300
2/27/2013,61.759998,62.580002,61.52,62.459999,1972500
2/28/2013,62.419998,62.759998,61.779999,62.18,3173600
3/1/2013,61.98,62.470001,61.560001,61.880001,3015700
3/4/2013,61.73,62.009998,61.52,61.82,1804200
3/5/2013,61.970001,62.560001,61.650002,62.27,2047200
3/6/2013,62.02,62.57,61.759998,62.52,1757500
3/7/2013,62.599998,63.009998,62.57,62.700001,1352000
3/8/2013,62.880001,63.459999,62.470001,63.029999,1367300
3/11/2013,63.040001,63.68,62.599998,63.490002,1110100
3/12/2013,63.470001,64.209999,63.349998,64.139999,1462600
3/13/2013,64.139999,65.150002,63.98,64.839996,1749400
3/14/2013,64.989998,65.279999,64.5,65.18,1364600
3/15/2013,64.839996,65.440002,64.599998,64.980003,2702000
3/18/2013,64.540001,64.839996,64.190002,64.550003,1523100
3/19/2013,64.690002,64.900002,64.139999,64.309998,1688100
3/20/2013,64.639999,64.879997,63.91,64.019997,1567100
3/21/2013,63.650002,64.230003,63.419998,63.630001,1819700
3/22/2013,63.860001,64.040001,63.310001,64.029999,1114900
3/25/2013,64.120003,64.389999,63.799999,64.110001,1213200
3/26/2013,64.370003,65.18,64.349998,64.760002,1213800
3/27/2013,64.629997,65.610001,64.419998,65.610001,1972600
3/28/2013,65.709999,66.330002,65.400002,66.230003,2120600
4/1/2013,66.290001,67.699997,65.82,67.440002,2971500
4/2/2013,69.25,70.580002,68.239998,68.459999,4167500
4/3/2013,68.349998,69.339996,68.120003,68.150002,2112200
4/4/2013,68.150002,69.25,67.940002,68.489998,1915000
4/5/2013,68.199997,68.389999,67.510002,67.989998,2392600
4/8/2013,68.010002,68.129997,67.040001,67.720001,1537500
4/9/2013,67.889999,68.93,67.75,68.480003,1722200
4/10/2013,68.860001,69.879997,68.599998,69.459999,1608400
4/11/2013,69.480003,70.139999,69.260002,70.059998,1998800
4/12/2013,69.949997,70.440002,69.330002,69.790001,1343900
4/15/2013,69.459999,69.699997,68.260002,68.279999,1351800
4/16/2013,68.809998,70.519997,68.690002,70.160004,2444600
4/17/2013,69.669998,70.360001,68.660004,69.029999,2173100
4/18/2013,68.199997,68.410004,66.68,67.18,2505100
4/19/2013,67.470001,68.769997,67.389999,68.709999,1500300
4/22/2013,68.709999,68.769997,67.980003,68.25,867200
4/23/2013,68.599998,69.639999,68.32,69.330002,1729900
4/24/2013,72,74.43,71.389999,73.330002,4394100
4/25/2013,73.650002,74.269997,73.18,73.75,3121400
4/26/2013,73.43,74.209999,72.379997,72.870003,1807300
4/29/2013,73.260002,73.980003,72.75,72.900002,1715800
4/30/2013,73.220001,73.220001,71.650002,72.919998,2649200
5/1/2013,72.5,73.529999,72.050003,72.269997,1641000
5/2/2013,72.620003,73.629997,72.529999,73.419998,2354500
5/3/2013,73.830002,74.32,73.650002,73.82,1741800
5/6/2013,73.82,74.260002,73.370003,73.510002,1070800
5/7/2013,73.639999,75.040001,73.470001,74.709999,2329800
5/8/2013,74.290001,75.349998,74.18,75.050003,1740600
5/9/2013,74.669998,75.489998,74.510002,75.389999,1527000
5/10/2013,75.389999,75.980003,75.239998,75.889999,1332700
5/13/2013,75.529999,76.029999,75.160004,76.010002,1470100
5/14/2013,76.510002,78.010002,76.510002,78,3708700
5/15/2013,77.980003,78.099998,77.400002,77.830002,1768500
5/16/2013,77.419998,77.800003,76.790001,76.839996,1578000
5/17/2013,76.82,77.889999,76.82,77.809998,1483600
5/20/2013,77.790001,78.330002,77.32,77.489998,1584700
5/21/2013,77.529999,78.660004,77.239998,78.099998,1531100
5/22/2013,78.019997,79.580002,77.68,77.809998,1735800
5/23/2013,77.209999,78.099998,77.050003,77.980003,1305700
5/24/2013,77.339996,77.519997,76.18,76.980003,1547300
5/28/2013,77.830002,79.150002,77.699997,78.720001,1493400
5/29/2013,78.129997,78.5,77.720001,78,1404300
5/30/2013,78.010002,79.599998,77.769997,79.379997,1484600
5/31/2013,79.050003,79.470001,76.93,76.970001,1744800
6/3/2013,77.07,77.690002,76.120003,77.5,2199300
6/4/2013,77.230003,77.75,76.68,77.440002,1822800
6/5/2013,77.389999,77.43,75.220001,75.68,1718500
6/6/2013,75.43,76.440002,75.019997,76.440002,1230400
6/7/2013,76.900002,77.870003,76.589996,77.389999,1439500
6/10/2013,77.43,79.779999,77.43,79.559998,2806300
6/11/2013,78.370003,78.940002,77.300003,78.379997,1814500
6/12/2013,78.720001,78.860001,77.800003,78.07,1449000
6/13/2013,77.839996,79.029999,77.120003,78.93,1157200
6/14/2013,78.830002,79.470001,77.809998,78.160004,1353000
6/17/2013,78.709999,79.25,78.150002,78.769997,1561300
6/18/2013,78.760002,79.790001,78.709999,79.639999,1609900
6/19/2013,79.519997,80,78.5,78.519997,1904000
6/20/2013,77.809998,79.269997,77.400002,77.480003,2717100
6/21/2013,78.120003,79.589996,77.860001,79.400002,3232500
6/24/2013,78.470001,81,78.470001,79.980003,5193000
6/25/2013,80.470001,80.68,79.339996,79.889999,1950100
6/26/2013,80.470001,81,79.419998,80.209999,1551700
6/27/2013,80.459999,81.849998,80.400002,81.699997,1817400
6/28/2013,81.550003,82.330002,81.099998,81.839996,2247200
7/1/2013,82,82.239998,81.599998,81.650002,2070800
7/2/2013,81.529999,82.239998,81.199997,81.379997,2214500
7/3/2013,81.230003,81.449997,80.75,81.089996,2289000
7/5/2013,81.580002,82,80.980003,81.959999,1064900
7/8/2013,82.349998,83.160004,81.959999,83.089996,2042700
7/9/2013,83.290001,84.709999,83.029999,84.089996,2069400
7/10/2013,84.279999,85.059998,84.110001,84.75,1836200
7/11/2013,85.449997,85.599998,84.75,85.410004,1711300
7/12/2013,85.599998,85.660004,84.889999,85.400002,1539000
7/15/2013,85.120003,85.879997,84.889999,85.68,1835600
7/16/2013,85.800003,85.800003,84.910004,85.349998,2164600
7/17/2013,85.529999,85.959999,84.300003,84.43,2503400
7/18/2013,85.18,87.080002,85.18,86.43,3142000
7/19/2013,86.400002,86.989998,85.699997,86.800003,1714000
7/22/2013,86.800003,87.519997,86.550003,87,2073900
7/23/2013,87.050003,87.589996,86.610001,87.510002,1922200
7/24/2013,87.970001,90,87.32,87.440002,3355700
7/25/2013,86.5,86.879997,85.32,85.900002,2333200
7/26/2013,85.5,85.720001,84.230003,84.790001,1994800
7/29/2013,84.790001,86.059998,84.790001,85.540001,1661700
7/30/2013,86.050003,86.519997,84.440002,84.959999,1924200
7/31/2013,85.300003,86.5,85.169998,85.559998,2297800
8/1/2013,86.029999,86.610001,85.980003,86.370003,1190300
8/2/2013,86.330002,86.370003,85.589996,86.080002,1153000
8/5/2013,86.059998,88.720001,85.720001,87.660004,3944500
8/6/2013,87.660004,87.860001,86.610001,87.449997,3105700
8/7/2013,87.330002,88.169998,87,87.139999,1889400
8/8/2013,87.360001,88.489998,87.169998,87.739998,1788700
8/9/2013,87.580002,88.139999,86.760002,87.389999,1180300
8/12/2013,86.739998,87.300003,86.339996,86.970001,1660400
8/13/2013,87.440002,87.550003,86.25,86.989998,1826500
8/14/2013,86.989998,87.139999,86.230003,86.629997,1324100
8/15/2013,86.080002,86.660004,85.239998,85.419998,1582000
8/16/2013,85.150002,86.769997,85.129997,86.050003,1779900
8/19/2013,86.129997,86.489998,85.709999,85.82,1166700
8/20/2013,85.730003,86.410004,85.580002,86.019997,1289700
8/21/2013,85.839996,86.379997,85.459999,85.760002,857800
8/22/2013,85.800003,86.550003,85.519997,86.199997,977700
8/23/2013,86.400002,86.75,86.099998,86.580002,1179600
8/26/2013,86.860001,87,86,86.57,1015700
8/27/2013,85.910004,86.050003,85,85.07,1267200
8/28/2013,85.110001,85.589996,84.150002,84.830002,1289300
8/29/2013,84.75,86.160004,84.650002,85.459999,1677400
8/30/2013,85.300003,85.779999,84.980003,85.139999,1998900
9/3/2013,85.620003,86.540001,85.519997,86.279999,1556200
9/4/2013,86.239998,87.470001,85.760002,87.379997,1435500
9/5/2013,87.260002,88.080002,87.139999,87.870003,1328900
9/6/2013,87.860001,87.919998,86.209999,87.290001,1373700
9/9/2013,87.269997,87.620003,86.540001,86.709999,1246700
9/10/2013,87.300003,87.800003,86.5,87.800003,1879100
9/11/2013,87.800003,89.440002,87.790001,89.260002,2026000
9/12/2013,89.089996,89.470001,88.360001,88.459999,1594300
9/13/2013,89.129997,89.480003,88.699997,89.089996,1957100
9/16/2013,89.82,89.93,88.940002,89.099998,1728800
9/17/2013,89.150002,89.169998,87.510002,88.269997,1536400
9/18/2013,87.68,87.919998,83.970001,84.389999,5917400
9/19/2013,84.449997,85.010002,82.440002,82.529999,3622600
9/20/2013,82.779999,83.660004,82.300003,82.330002,2869700
9/23/2013,82.059998,83.349998,81.459999,83.150002,3011400
9/24/2013,83.230003,85.010002,83.209999,84.290001,2660300
9/25/2013,84.339996,84.389999,83.199997,83.629997,2384700
9/26/2013,83.639999,84.760002,83.57,84.110001,1598000
9/27/2013,83.739998,84.120003,83.410004,83.949997,1389000
9/30/2013,83.160004,84.239998,82.870003,83.610001,1915000
10/1/2013,83.800003,86.110001,83.519997,86.110001,2148000
10/2/2013,85.639999,86.639999,85.010002,86.599998,1988600
10/3/2013,86.339996,87.099998,85.830002,86.480003,1746800
10/4/2013,86.449997,87.860001,86.07,87.209999,2202700
10/7/2013,86.43,87.089996,86.209999,86.279999,1864300
10/8/2013,86.220001,86.639999,85.339996,85.370003,1202500
10/9/2013,85.360001,86,85.209999,85.559998,1149900
10/10/2013,86.470001,88.480003,86.290001,88.43,1670200
10/11/2013,88.18,88.949997,88.050003,88.639999,1573400
10/14/2013,88.339996,88.82,87.809998,88.669998,1053500
10/15/2013,87.919998,89.440002,87.580002,87.970001,1202000
10/16/2013,88.379997,89.870003,88.040001,89.660004,1443000
10/17/2013,87.739998,88.779999,86.900002,88.589996,1961900
10/18/2013,88.809998,88.809998,85.639999,86.379997,3396900
10/21/2013,86.449997,87.809998,86,87.599998,2542100
10/22/2013,87.739998,88.889999,87.589996,88.43,2029700
10/23/2013,88.459999,89.099998,84.809998,85.480003,3897600
10/24/2013,85.68,86.639999,83.129997,83.599998,3476300
10/25/2013,83.620003,84.32,83.18,84.099998,2709300
10/28/2013,84.32,85.519997,83.980003,84.550003,2556500
10/29/2013,84.470001,84.639999,83.220001,84.540001,3090500
10/30/2013,84.940002,85.370003,84.330002,84.540001,1991900
10/31/2013,84.800003,85.470001,84.059998,84.800003,3230700
11/1/2013,85.150002,85.699997,84.459999,85.360001,1872700
11/4/2013,85.769997,87.019997,85.75,86.809998,1759800
11/5/2013,86.690002,87.709999,86.199997,87.410004,2391900
11/6/2013,87.5,88.370003,86.75,87.699997,2629200
11/7/2013,87.970001,88.5,86.43,86.459999,2228600
11/8/2013,86.660004,87.650002,86.080002,87.279999,2939000
11/11/2013,87.239998,88.339996,87.010002,87.940002,1492100
11/12/2013,87.830002,88.029999,87.050003,87.5,2014200
11/13/2013,87.260002,88.129997,87.059998,88.019997,2699400
11/14/2013,88.220001,89.529999,87.650002,89.489998,2901000
11/15/2013,88.980003,90.230003,88.43,90.099998,2688500
11/18/2013,90.139999,90.959999,90.029999,90.400002,1958200
11/19/2013,90.559998,92.870003,90.5,92,3972400
11/20/2013,92,93.720001,91.910004,92.760002,2451000
11/21/2013,92.699997,93.489998,91.849998,92.080002,2407900
11/22/2013,91.769997,93.110001,91.139999,93.029999,2735400
11/25/2013,93,94.220001,92.980003,93.610001,1671300
11/26/2013,93.610001,94.32,93.309998,93.660004,2642900
11/27/2013,94.089996,94.330002,93.480003,93.620003,1304900
11/29/2013,93.830002,93.959999,92.730003,92.879997,1405000
12/2/2013,92.900002,94.360001,92.889999,93.919998,2143500
12/3/2013,92.160004,93.290001,91.550003,92.559998,3490400
12/4/2013,91.970001,92.790001,90.510002,91.589996,2865800
12/5/2013,91.18,91.730003,89.68,89.779999,2032500
12/6/2013,90.610001,90.989998,89.440002,90.690002,2130200
12/9/2013,91.07,91.910004,90.830002,90.980003,1597100
12/10/2013,91,91.860001,90.889999,91.059998,1515300
12/11/2013,91,91.25,89.050003,89.269997,1364300
12/12/2013,89.209999,89.82,88.349998,88.690002,1916000
12/13/2013,88.849998,89.720001,87.5,87.75,2220600
12/16/2013,87.709999,88.370003,86.919998,87.690002,3496500
12/17/2013,87.790001,87.860001,86.879997,86.889999,2388700
12/18/2013,87.43,89.050003,87.050003,89.019997,2738300
12/19/2013,88.75,88.900002,88.059998,88.75,1287800
12/20/2013,88.68,90,88.529999,89.589996,2407300
12/23/2013,90.059998,91.25,90.019997,91.150002,1513100
12/24/2013,91.019997,91.809998,91.019997,91.389999,808300
12/26/2013,91.800003,92.489998,91.5,92.150002,941800
12/27/2013,92.150002,92.830002,92.059998,92.169998,820700
12/30/2013,92.169998,92.449997,91.220001,91.519997,973700
12/31/2013,91.650002,92.540001,91.580002,92.389999,916100
1/2/2014,92,92.010002,90.620003,90.629997,1432000
1/3/2014,90.459999,91.059998,90.309998,90.629997,1070000
1/6/2014,91.019997,91.050003,89.25,89.279999,2204100
1/7/2014,89.669998,91.489998,89.419998,91.080002,1832000
1/8/2014,90.839996,92.220001,90.669998,92.220001,1875000
1/9/2014,90.690002,93.089996,90.690002,93,2073300
1/10/2014,92.739998,92.949997,90.860001,91.989998,1580700
1/13/2014,91.739998,92.379997,90.699997,90.839996,1706200
1/14/2014,90.93,91.870003,90.360001,91.349998,2048400
1/15/2014,91.709999,91.900002,87.849998,88.150002,5087000
1/16/2014,88.129997,88.129997,85.400002,85.559998,4882600
1/17/2014,85.580002,86.410004,85,85.489998,3116000
1/21/2014,85.82,87.260002,85.540001,86.919998,2230000
1/22/2014,86.910004,87.419998,86,86.110001,1687900
1/23/2014,86.389999,86.720001,85.269997,85.790001,2490800
1/24/2014,85.330002,85.360001,83.889999,84.25,2296900
1/27/2014,83.949997,85.5,83.849998,84.889999,3625800
1/28/2014,84.900002,85.489998,84.260002,84.300003,4924700
1/29/2014,82.209999,87.75,81.839996,85.370003,6443100
1/30/2014,87.059998,89.040001,86.139999,87.760002,3954700
1/31/2014,86.739998,87.440002,85.93,86,3311000
2/3/2014,86,86.279999,85.300003,85.620003,2612200
2/4/2014,85.75,86.07,84.720001,85.349998,2026300
2/5/2014,85.209999,86.690002,84.580002,85.650002,2203500
2/6/2014,85.669998,86.669998,84.650002,86.580002,2062600
2/7/2014,85.949997,85.949997,84.25,84.68,3138000
2/10/2014,84.800003,85.410004,83.989998,84.599998,2913200
2/11/2014,84.120003,86.150002,84.019997,85.68,2840300
2/12/2014,85.660004,86.32,84.019997,84.25,3218200
2/13/2014,84.029999,85.669998,84.029999,85.309998,2246200
2/14/2014,85.07,88.010002,85.07,87.800003,2434300
2/18/2014,87.889999,89.199997,87.480003,87.519997,3209600
2/19/2014,87.339996,88.610001,87,87.5,3061900
2/20/2014,87.769997,88.209999,86.989998,87.709999,2402800
2/21/2014,87.470001,89.489998,87.410004,88.550003,2944500
2/24/2014,88.019997,91.959999,88.019997,90.93,3622300
2/25/2014,91.639999,91.660004,89.529999,89.68,2636900
2/26/2014,89.610001,90.489998,88.989998,89.150002,2506600
2/27/2014,89.190002,89.870003,88.900002,89.279999,1967700
2/28/2014,89.260002,91.860001,89.260002,90.589996,3752300
3/3/2014,89.870003,90.220001,89.029999,89.440002,2594000
3/4/2014,90.120003,91.410004,89.989998,90.809998,2475000
3/5/2014,89.260002,91.669998,89.260002,91.559998,2733500
3/6/2014,90.75,92,90.75,91.519997,2448500
3/7/2014,92,92,91.400002,91.529999,3281400
3/10/2014,91.360001,92.290001,91.360001,92.239998,1792100
3/11/2014,92.309998,93.480003,92.239998,93,2712500
3/12/2014,92.550003,94.169998,92.550003,93.620003,2496500
3/13/2014,93.790001,93.989998,93.220001,93.269997,3576100
3/14/2014,93.019997,93.790001,92.839996,93.349998,3482500
3/17/2014,93.599998,95.449997,93.57,95.150002,2861700
3/18/2014,95.139999,97.949997,95.099998,97.709999,4592600
3/19/2014,98.050003,100.589996,98,99.050003,5300700
3/20/2014,98.870003,100.400002,98.400002,99.709999,3667000
3/21/2014,99.889999,102.559998,99.650002,99.769997,7619100
3/24/2014,100.480003,102.389999,100.160004,100.970001,3165100
3/25/2014,101.010002,101.779999,99.660004,99.690002,2763600
3/26/2014,100.459999,100.769997,99,99.910004,4077200
3/27/2014,99.910004,99.989998,97.260002,97.699997,3509000
3/28/2014,98.07,100.099998,97.980003,99.389999,2138800
3/31/2014,100,100.389999,99.059998,99.550003,4061900
4/1/2014,98.5,101.050003,98.5,99.089996,2560900
4/2/2014,96.699997,99.260002,96.699997,98.32,2579400
4/3/2014,98.580002,99.410004,98.260002,99.239998,2893000
4/4/2014,99.580002,99.870003,97.519997,97.589996,3127500
4/7/2014,97.559998,98,96.110001,96.610001,2791200
4/8/2014,96.93,97.470001,95.690002,96.650002,4448200
4/9/2014,96.669998,98.139999,95.989998,96.809998,5236400
4/10/2014,97.010002,97.739998,95.120003,95.739998,3984700
4/11/2014,95.330002,96.139999,94.559998,95.050003,3456300
4/14/2014,95.519997,95.849998,94.300003,95.379997,2461200
4/15/2014,95.68,96.739998,94.669998,96.470001,3215800
4/16/2014,97.019997,97.150002,95.139999,95.650002,2296700
4/17/2014,92.099998,92.879997,90.75,92,4584800
4/21/2014,91.760002,93.269997,91.720001,93.029999,2632900
4/22/2014,93.32,94.459999,93.25,94.190002,2228200
4/23/2014,94.019997,94.910004,93.760002,94.690002,1427600
4/24/2014,95.57,97.169998,95.57,96.540001,2031300
4/25/2014,96.25,96.940002,95.709999,96,1618300
4/28/2014,96.349998,96.540001,94.370003,94.959999,2266800
4/29/2014,95.440002,95.830002,95.18,95.389999,1809900
4/30/2014,99.279999,101.949997,97.970001,100.68,5319400
5/1/2014,100.68,101.760002,99.910004,100.769997,2266000
5/2/2014,100.870003,101.459999,100.459999,100.870003,1565600
5/5/2014,100.529999,102.720001,99.989998,102.440002,2653700
5/6/2014,102.239998,103.010002,101.93,102.330002,1931100
5/7/2014,102.32,105,101.970001,104.739998,2210800
5/8/2014,104.669998,104.959999,103.07,103.279999,2445000
5/9/2014,103.18,104.550003,102.839996,104.510002,1491400
5/12/2014,104.870003,107.089996,104.800003,107.010002,2421400
5/13/2014,106.879997,107.589996,106.32,106.449997,1843300
5/14/2014,106.400002,106.400002,104.980003,105.669998,1720000
5/15/2014,105.449997,105.75,104.18,104.93,1478300
5/16/2014,105.040001,105.730003,104.169998,105.120003,1725100
5/19/2014,104.989998,106.739998,104.910004,106.43,1758400
5/20/2014,106.190002,107.370003,105.449997,106,2648900
5/21/2014,106.190002,107.25,105.889999,107.120003,1192100
5/22/2014,107.230003,107.690002,106.57,107.339996,1518200
5/23/2014,107.639999,109.330002,107.440002,108.82,2294200
5/27/2014,108.809998,108.860001,108.330002,108.480003,1621900
5/28/2014,110,110.029999,107.660004,107.879997,1986900
5/29/2014,108.07,108.650002,107.610001,108.550003,1591800
5/30/2014,108.459999,108.769997,107.730003,108.360001,2016800
6/2/2014,108.559998,108.949997,107.809998,108.349998,1270100
6/3/2014,108.25,108.449997,107.699997,108.010002,1825400
6/4/2014,108.139999,108.910004,107.800003,108.629997,1442100
6/5/2014,108.730003,108.870003,107.160004,107.260002,2376300
6/6/2014,106.889999,107.25,105.75,106.129997,2301500
6/9/2014,106.139999,106.360001,105.209999,105.279999,1753100
6/10/2014,104.879997,105.699997,104.790001,105.699997,2647500
6/11/2014,105.510002,107.919998,105.330002,107.68,2450100
6/12/2014,107.68,107.68,106.800003,107.099998,2097500
6/13/2014,106.93,107.089996,106.150002,106.879997,1272800
6/16/2014,106.879997,107.410004,106.019997,106.099998,1237600
6/17/2014,105.919998,106.349998,105.019997,106.059998,1364500
6/18/2014,105.790001,106.339996,105.43,106.25,1046400
6/19/2014,106.489998,107.849998,106.330002,107.690002,1479400
6/20/2014,108.010002,108.610001,107.300003,108.550003,1439300
6/23/2014,108.129997,108.699997,107.620003,108.650002,906300
6/24/2014,108.480003,108.949997,107.889999,107.910004,1295600
6/25/2014,107.940002,109.089996,107.779999,108.739998,1248300
6/26/2014,108.830002,109.360001,107.410004,108.120003,1760700
6/27/2014,107.470001,107.870003,106.370003,107.550003,1281600
6/30/2014,107.5,109.5,107.32,107.610001,1461400
7/1/2014,108.269997,109.150002,107.93,108.379997,1748200
7/2/2014,108.040001,110.339996,107.120003,110.32,2169800
7/3/2014,110.669998,111.010002,109.190002,110.160004,1433900
7/7/2014,109.989998,110,108.580002,109.129997,1279600
7/8/2014,108.769997,109.669998,108.260002,109.459999,1425800
7/9/2014,109.470001,111.080002,109.389999,110.870003,2080400
7/10/2014,110.370003,111.269997,109.68,110.760002,1501400
7/11/2014,110.550003,111.309998,109.989998,110.900002,1445100
7/14/2014,111.25,113.440002,111.080002,113.150002,2722000
7/15/2014,113.050003,114.68,112.550003,112.769997,2019400
7/16/2014,112.940002,113.199997,111.839996,112.18,1199300
7/17/2014,111.93,115.519997,111.93,113.440002,3750900
7/18/2014,113.709999,115,113.269997,114.93,1754200
7/21/2014,112.230003,114.769997,112.230003,114.43,1284000
7/22/2014,115,116.260002,114.959999,115.32,2121000
7/23/2014,115.519997,115.910004,115,115.440002,864700
7/24/2014,115.720001,116.169998,114.900002,115.25,1167500
7/25/2014,113.519997,114.230003,111.120003,113.510002,1984000
7/28/2014,114.309998,115.639999,113.540001,115.57,1708100
7/29/2014,114.709999,114.980003,112.129997,112.550003,2970600
7/30/2014,116.150002,116.5,108.010002,112.470001,5450200
7/31/2014,109.559998,111.900002,106.879997,109.809998,5201100
8/1/2014,109.650002,111.699997,109.489998,111,1940300
8/4/2014,110.830002,111.900002,110.230003,111.599998,1519400
8/5/2014,111.169998,112,109.959999,110.440002,1841100
8/6/2014,110.480003,112.5,110.440002,111.339996,1636500
8/7/2014,111.669998,111.860001,107.07,107.290001,2246200
8/8/2014,107.589996,108.620003,106.519997,108.580002,1547800
8/11/2014,108.910004,109,107.279999,107.389999,1543400
8/12/2014,107.610001,108.730003,107.190002,108.660004,1620400
8/13/2014,109,110.669998,109,110.349998,1960800
8/14/2014,111,112.839996,110.650002,112.480003,1916900
8/15/2014,112.559998,112.809998,110.629997,111.779999,1679200
8/18/2014,112.489998,112.519997,111.160004,112.400002,1064000
8/19/2014,112.559998,113.779999,111.860001,113.620003,1059000
8/20/2014,113.5,113.599998,112.599998,113.07,1279600
8/21/2014,113.480003,114,112.860001,113.120003,1005700
8/22/2014,113.129997,113.620003,112.5,112.870003,999000
8/25/2014,113.360001,113.800003,112.449997,113.220001,777400
8/26/2014,113.550003,114.919998,113.199997,114.669998,1174000
8/27/2014,114.82,116.239998,114.360001,115.779999,1516900
8/28/2014,115.309998,116.739998,115.300003,116.25,1682400
8/29/2014,116.470001,117.360001,116.150002,116.510002,1401300
9/2/2014,116.459999,116.629997,114.629997,115.639999,1485300
9/3/2014,115.459999,117.139999,115.309998,116.620003,1382100
9/4/2014,117,119.050003,116.760002,118.010002,1996300
9/5/2014,117.720001,119.199997,117.379997,118.970001,1636300
9/8/2014,118.150002,118.620003,117.470001,118.129997,1285700
9/9/2014,118.260002,121.330002,118.209999,120.889999,2919500
9/10/2014,121.059998,121.059998,119.32,119.800003,1284200
9/11/2014,119.209999,120.18,118.620003,119.949997,1756400
9/12/2014,120,120.169998,118.190002,118.620003,1208700
9/15/2014,118.650002,119.110001,118.010002,118.400002,1322200
9/16/2014,118.510002,120.57,118.110001,120.32,1948000
9/17/2014,120.25,121.209999,119,120.220001,1367100
9/18/2014,120.480003,122.190002,120.339996,122.160004,1308500
9/19/2014,122.839996,122.860001,121.639999,122.040001,2203200
9/22/2014,122.529999,124.480003,121.589996,121.82,2520900
9/23/2014,121.419998,122,119.279999,119.360001,1423700
9/24/2014,119.760002,124.580002,119.400002,124.169998,2781500
9/25/2014,123.709999,123.870003,120.5,120.690002,1935700
9/26/2014,121.18,121.970001,119.75,120.800003,1823700
9/29/2014,120.089996,121.919998,119.779999,121.309998,1684000
9/30/2014,121.459999,121.660004,119.339996,119.620003,1705300
10/1/2014,119.269997,119.580002,117.239998,118.150002,2282900
10/2/2014,118.360001,119.209999,116.870003,118.449997,1694100
10/3/2014,119.639999,122.529999,118.830002,122.07,1941700
10/6/2014,122.150002,123.349998,118.980003,119.07,1455500
10/7/2014,118.709999,119.389999,117.489998,117.519997,1262100
10/8/2014,117.510002,120.010002,117.169998,119.849998,1813500
10/9/2014,120.029999,120.889999,118.540001,118.93,1491400
10/10/2014,119.25,120.010002,116.949997,116.949997,1954600
10/13/2014,116.900002,117.660004,114.279999,114.410004,1980200
10/14/2014,114.779999,114.919998,111.129997,113.199997,2657300
10/15/2014,111.459999,113.43,108.919998,111.059998,3733300
10/16/2014,111.25,114.330002,110.540001,111.919998,3380100
10/17/2014,113.709999,115.940002,112.75,114.989998,2103500
10/20/2014,115.309998,116.599998,115,116.230003,1609100
10/21/2014,117.480003,120.730003,117.410004,120.43,1936000
10/22/2014,120.480003,120.639999,118.830002,118.870003,1898200
10/23/2014,120.32,120.639999,119.330002,119.769997,2138400
10/24/2014,119.93,120.239998,119.010002,120.209999,1099400
10/27/2014,120.129997,120.870003,119.949997,120.339996,1081600
10/28/2014,118.849998,120.540001,117.599998,120,3119000
10/29/2014,122.910004,123.800003,121.089996,122.199997,3308100
10/30/2014,122.199997,123.75,121.019997,123.290001,2305000
10/31/2014,124.529999,126.690002,124.309998,126.690002,2444800
11/3/2014,126.610001,127.589996,125.830002,126.309998,1386600
11/4/2014,126.309998,128.089996,126.309998,126.830002,1796900
11/5/2014,128.160004,128.160004,126.080002,127.029999,1408100
11/6/2014,127.419998,127.980003,126.849998,127.800003,1126100
11/7/2014,126.790001,127.519997,123.410004,124.150002,2411600
11/10/2014,124.160004,126.139999,124.010002,125.5,1483300
11/11/2014,125.989998,127.190002,125.599998,126.620003,1634900
11/12/2014,125.830002,127.440002,125.230003,126.639999,1063800
11/13/2014,126.57,128.190002,125.910004,126.629997,1148600
11/14/2014,127,127.449997,125.239998,125.360001,843300
11/17/2014,125.360001,127.690002,125.209999,127.269997,1166400
11/18/2014,127.410004,129.960007,127.410004,129.039993,1416700
11/19/2014,128.589996,128.690002,125.720001,125.82,1518100
11/20/2014,125.470001,126.580002,125.169998,126.25,1284000
11/21/2014,127.919998,127.919998,125.730003,125.889999,1368100
11/24/2014,126.480003,127.410004,124.489998,126.139999,1660300
11/25/2014,126.57,127.860001,126.269997,127.150002,1529700
11/26/2014,127.900002,128.360001,126.330002,126.900002,1071600
11/28/2014,127.209999,128.350006,127.209999,127.910004,728900
12/1/2014,128.25,128.580002,127.190002,127.769997,1384700
12/2/2014,127.760002,128.820007,126.93,128.710007,1123600
12/3/2014,125.25,129.5,125.25,129.160004,869400
12/4/2014,128.389999,129.490005,126.559998,127.639999,1692600
12/5/2014,126.980003,129.960007,126.790001,127.910004,1110800
12/8/2014,128.210007,128.369995,126.089996,126.339996,1087300
12/9/2014,124.889999,126.800003,123.860001,126.660004,980800
12/10/2014,126.139999,126.620003,123.620003,123.690002,1299700
12/11/2014,123.959999,126.190002,123.779999,125.400002,1316900
12/12/2014,124.019997,125.959999,122.610001,122.650002,1285000
12/15/2014,123.879997,124.260002,121.260002,122.220001,1349700
12/16/2014,122.339996,124.889999,121.220001,121.32,1367900
12/17/2014,122.019997,124.5,121.800003,123.709999,1498700
12/18/2014,125.760002,127.830002,124.290001,127.709999,1670600
12/19/2014,127.900002,129.339996,127.540001,127.949997,1862000
12/22/2014,127.940002,128.669998,127.050003,128.470001,663800
12/23/2014,129,129.169998,126.870003,126.940002,1267000
12/24/2014,127.099998,127.5,126.620003,126.93,443700
12/26/2014,126.93,127.610001,126.110001,126.360001,455000
12/29/2014,126,127.400002,126,127.07,690100
12/30/2014,126.339996,128.460007,126.339996,128.210007,624300
12/31/2014,128.25,129.320007,125.629997,125.669998,868300
1/2/2015,126.650002,127.730003,124.400002,125.459999,1181600
1/5/2015,124.300003,125.459999,122.860001,123.260002,1550000
1/6/2015,125.019997,126.940002,124.269997,124.940002,2117000
1/7/2015,125.139999,127.900002,125.139999,125.559998,1578500
1/8/2015,126.019997,131.800003,126.019997,131.550003,1967400
1/9/2015,131.740005,131.740005,129.729996,129.800003,1387200
1/12/2015,130.440002,130.660004,128.190002,128.830002,1229700
1/13/2015,130.119995,131.490005,128.899994,130.279999,1194800
1/14/2015,128.679993,132.800003,127.849998,131.809998,3216700
1/15/2015,132,134.929993,131.940002,134.089996,1964400
1/16/2015,133.75,136.259995,133.179993,136.009995,2317500
1/20/2015,136.940002,137.740005,135.830002,137.130005,2269100
1/21/2015,136.860001,140.529999,136.669998,139.679993,2536700
1/22/2015,140.740005,143.380005,139.520004,142.860001,2329600
1/23/2015,142.5,143.649994,140.440002,140.770004,1794300
1/26/2015,140.600006,140.600006,138.009995,138.699997,2513100
1/27/2015,138.119995,138.970001,137.089996,137.779999,2393200
1/28/2015,138.210007,139.279999,133.029999,133.580002,3475900
1/29/2015,134.619995,137.369995,133.759995,137.100006,1950400
1/30/2015,135.410004,137.399994,134.139999,134.960007,2246200
2/2/2015,134.960007,135.589996,132.940002,135.5,1819000
2/3/2015,136.080002,137.240005,135.5,136.960007,1709700
2/4/2015,136.490005,138.669998,135.399994,137.649994,1674500
2/5/2015,135.5,138.369995,135.399994,137.229996,2314600
2/6/2015,136.949997,137.229996,135.089996,135.690002,2244600
2/9/2015,134.789993,135.690002,134.380005,134.880005,1744400
2/10/2015,136.380005,139.039993,135.610001,138.740005,2100200
2/11/2015,138.600006,141.720001,138.559998,141.490005,2104400
2/12/2015,142.559998,142.559998,140.779999,142,1515800
2/13/2015,141.369995,141.740005,140.679993,141.050003,1446300
2/17/2015,140.559998,141.940002,140,141.759995,1091000
2/18/2015,141.759995,142.770004,141.039993,141.839996,1300000
2/19/2015,141.990005,142.899994,141.690002,142.649994,1191700
2/20/2015,141.880005,144.740005,141.800003,144.589996,1622100
2/23/2015,145.5,147.479996,145.300003,147.350006,2218800
2/24/2015,147.350006,148.759995,147,147.279999,1998200
2/25/2015,147.5,148,146.559998,146.970001,1228600
2/26/2015,146.630005,147.339996,146.229996,146.720001,1129300
2/27/2015,146.720001,147.429993,146.240005,146.449997,1523500
3/2/2015,146.449997,147.710007,146.300003,146.929993,1339100
3/3/2015,146.059998,147.070007,144.619995,145.990005,1478900
3/4/2015,144.779999,147.300003,144.199997,146.550003,1847900
3/5/2015,146.5,147.699997,146.259995,146.850006,1175700
3/6/2015,145.119995,146.869995,144.899994,145.160004,1494000
3/9/2015,145.160004,146.929993,145.029999,146.75,970700
3/10/2015,145.330002,145.889999,144.279999,144.279999,1495300
3/11/2015,145.350006,145.860001,144.279999,144.380005,1245600
3/12/2015,145.279999,147.559998,145.119995,147.460007,1836600
3/13/2015,146.830002,150.029999,146.399994,150.009995,2124500
3/16/2015,150.080002,154.839996,150.080002,153.25,2959300
3/17/2015,152.649994,153.559998,152.389999,153.300003,2678700
3/18/2015,153.029999,157.979996,153.029999,157.389999,2275200
3/19/2015,157.779999,158.100006,156.410004,157.320007,2341900
3/20/2015,158.75,160.639999,157.75,158.380005,2497600
3/23/2015,158.199997,158.880005,157.039993,157.570007,1570400
3/24/2015,156.850006,158.289993,156.850006,157.600006,1611300
3/25/2015,159.539993,159.539993,154.389999,154.419998,1457800
3/26/2015,154.179993,154.419998,152.639999,152.820007,1966800
3/27/2015,154.130005,157.580002,154.130005,156.270004,1548700
3/30/2015,157.309998,158.449997,156.539993,156.850006,1430300
3/31/2015,155.809998,156.800003,154.309998,154.410004,1466000
4/1/2015,154.080002,154.389999,152.529999,153.990005,1595400
4/2/2015,154.179993,155.080002,153.539993,153.949997,1628400
4/6/2015,152.899994,156.070007,152.899994,155.429993,1373000
4/7/2015,156.699997,157.559998,154.839996,155.190002,1199900
4/8/2015,155,155.979996,154.020004,154.639999,880000
4/9/2015,154.369995,154.720001,152.740005,153.490005,1248300
4/10/2015,154.119995,154.270004,152.970001,153.919998,1370200
4/13/2015,154.5,155.820007,153.5,153.509995,1220600
4/14/2015,154.520004,154.990005,153.449997,154.25,1019800
4/15/2015,154.300003,155,150.610001,151.300003,1701000
4/16/2015,155.350006,155.429993,153.960007,154.929993,1602900
4/17/2015,153.809998,154.309998,151.369995,152.479996,1103300
4/20/2015,153.300003,154.100006,152.729996,152.869995,693300
4/21/2015,153.050003,153.630005,152.550003,152.880005,795400
4/22/2015,153,153.490005,152.039993,152.839996,701000
4/23/2015,152.300003,154.529999,152.050003,154.199997,889100
4/24/2015,154.039993,154.580002,153.550003,154.279999,758300
4/27/2015,154.490005,154.889999,150.669998,151.020004,1584500
4/28/2015,150.149994,154.520004,149.190002,154.220001,2249500
4/29/2015,155.960007,157,148.289993,151.070007,3196900
4/30/2015,151.830002,154.220001,150.460007,150.929993,2032800
5/1/2015,151.919998,153.279999,151.490005,153.229996,1362000
5/4/2015,153.449997,156.169998,153.009995,155.839996,1864900
5/5/2015,154.669998,155.699997,153.910004,154.199997,1552000
5/6/2015,154.970001,159.850006,154.029999,159.850006,6746600
5/7/2015,158.910004,159.449997,155.580002,155.800003,3969100
5/8/2015,157.210007,158.600006,156.360001,158.399994,1969100
5/11/2015,158.240005,160.529999,158.080002,158.809998,1398200
5/12/2015,157.919998,159.690002,157.330002,158.470001,1714800
5/13/2015,159.410004,160.630005,158.300003,158.789993,2026700
5/14/2015,160.130005,160.910004,158.880005,160,2106500
5/15/2015,160.350006,161.380005,159.899994,161.369995,1191400
5/18/2015,162,163.429993,161.429993,163.25,1495000
5/19/2015,163.369995,165.330002,163.25,164.440002,1250400
5/20/2015,164.449997,164.449997,162.679993,163.570007,2315500
5/21/2015,163,164.860001,162.5,164.619995,1123600
5/22/2015,164.130005,165.470001,163.460007,164.190002,1337300
5/26/2015,164.009995,164.009995,162.179993,162.339996,910700
5/27/2015,162.960007,164.169998,162.350006,163.380005,1535100
5/28/2015,162.839996,164.25,162.570007,164.220001,1250900
5/29/2015,164.660004,170.979996,162.509995,167.850006,5196200
6/1/2015,168.970001,169,166.779999,168.070007,1747100
6/2/2015,167.460007,168.220001,164.020004,164.139999,1910000
6/3/2015,164.449997,165.110001,162.229996,163.759995,2181400
6/4/2015,162.539993,163.449997,160.970001,161.449997,1174100
6/5/2015,161.399994,163.380005,159.649994,162.820007,1367100
6/8/2015,162.539993,163.899994,161.710007,161.889999,1097400
6/9/2015,162.339996,162.940002,161.589996,162.589996,1080900
6/10/2015,163.130005,164.559998,162.429993,164.369995,1145800
6/11/2015,164.529999,165.330002,163.740005,163.970001,1200800
6/12/2015,163.309998,163.800003,160.649994,160.710007,1567500
6/15/2015,161.449997,167.199997,160.360001,164.460007,3500500
6/16/2015,164.309998,167.850006,164.259995,166.850006,1505200
6/17/2015,167.5,167.979996,164.600006,165.160004,1170000
6/18/2015,165.490005,167.059998,164.949997,165.240005,1275200
6/19/2015,165.100006,165.860001,164.449997,165.059998,1326900
6/22/2015,170.5,173.589996,168.720001,171.039993,5006000
6/23/2015,170.740005,170.740005,162.020004,170,3526700
6/24/2015,170.059998,170.910004,167.470001,167.970001,1915600
6/25/2015,167.729996,170.580002,165.899994,170.339996,2724700
6/26/2015,170.529999,171,164.679993,164.679993,4343200
6/29/2015,165.25,165.380005,162.440002,163.059998,2083700
6/30/2015,163.800003,165.850006,163.690002,164.139999,1790500
7/1/2015,165.619995,165.929993,164.020004,165.220001,1140600
7/2/2015,165.789993,165.789993,162.619995,163.139999,1559200
7/6/2015,160.820007,162.429993,157.369995,161.600006,2772800
7/7/2015,162.490005,162.660004,158.089996,160.330002,2611100
7/8/2015,159.5,160.550003,159,159.389999,1312500
7/9/2015,161.289993,161.979996,158.580002,158.580002,1675200
7/10/2015,159.669998,161.009995,159.300003,159.729996,1539100
7/13/2015,160.199997,160.820007,155.070007,156.449997,2716200
7/14/2015,156.570007,160.809998,156.410004,159.970001,1823300
7/15/2015,160.100006,161.800003,158.820007,159.600006,1292600
7/16/2015,159.429993,160.059998,157.009995,157.600006,1551200
7/17/2015,157.669998,158.610001,157.050003,158.589996,1469600
7/20/2015,158.559998,158.839996,154.5,156.589996,2109700
7/21/2015,156.350006,157,154.389999,155.779999,1448600
7/22/2015,155.610001,156.789993,154.770004,155.100006,1102700
7/23/2015,156.600006,157.119995,154.009995,155.210007,2284400
7/24/2015,152.309998,154.149994,148.779999,150.860001,4747600
7/27/2015,150.800003,152.029999,149.889999,151.5,2481100
7/28/2015,152.429993,155,151,154.199997,3245700
7/29/2015,155.850006,157,151.729996,155.270004,3495200
7/30/2015,156.029999,157.050003,152.619995,154.889999,3408100
7/31/2015,155.860001,156.119995,153.639999,154.270004,2616000
8/3/2015,154.279999,155.270004,152.050003,152.779999,1868100
8/4/2015,153.800003,154,151.770004,152.5,1449100
8/5/2015,153.440002,155.009995,152.380005,154.949997,2222900
8/6/2015,154.720001,155.949997,152.179993,152.440002,1423200
8/7/2015,152.289993,153,151.889999,152.630005,1864600
8/10/2015,152.600006,153.770004,152.199997,152.330002,996700
8/11/2015,152,152.759995,151.429993,152.419998,1153500
8/12/2015,151.580002,152,148.800003,149.470001,1842300
8/13/2015,149.970001,150.610001,148.449997,149.690002,1548100
8/14/2015,149.690002,150.449997,148.440002,149.300003,1687600
8/17/2015,149.389999,152.25,149.270004,151.899994,1860200
8/18/2015,152.179993,154.5,151.869995,153.300003,1996900
8/19/2015,152.429993,152.869995,150.779999,151.949997,1354900
8/20/2015,150.539993,151.630005,147.720001,147.860001,1939700
8/21/2015,145.669998,147.5,144.770004,146.619995,3783600
8/24/2015,138.889999,143.820007,136.039993,140.679993,4219200
8/25/2015,142.509995,143.860001,137.940002,138.139999,2623500
8/26/2015,140.259995,142.309998,138.320007,142.160004,2606100
8/27/2015,143,144.369995,139.440002,142.160004,2274000
8/28/2015,141.770004,142.240005,139.089996,140.559998,2018500
8/31/2015,140.089996,143.690002,139.949997,141.050003,3228500
9/1/2015,138.490005,139.75,137.029999,138.059998,3342900
9/2/2015,139.050003,140.5,137.619995,140.470001,2357900
9/3/2015,140.809998,143.940002,140.570007,142.949997,2721100
9/4/2015,140.839996,142.949997,140.490005,142.050003,2201000
9/8/2015,143.490005,146.550003,142.740005,146.429993,2216100
9/9/2015,147.270004,147.960007,145.169998,145.600006,2346200
9/10/2015,145.110001,146.279999,143.759995,143.940002,2030500
9/11/2015,147.75,147.75,143.009995,147.089996,1582500
9/14/2015,147.440002,147.800003,145.389999,145.869995,1600900
9/15/2015,147.660004,148.619995,145.570007,148.240005,1465800
9/16/2015,148.619995,151.910004,148.600006,151.149994,1762400
9/17/2015,151.979996,152.440002,148.320007,150.270004,2275400
9/18/2015,148.789993,149.490005,146.229996,146.860001,2662400
9/21/2015,148.669998,149.779999,147.020004,149.570007,2085400
9/22/2015,148.009995,149.850006,147.059998,148.660004,1832000
9/23/2015,148.240005,150.410004,147.800003,149.279999,1532800
9/24/2015,147.520004,149.979996,144.789993,147.059998,1875500
9/25/2015,148.020004,148.429993,140.869995,141.910004,2209800
9/28/2015,141.210007,142.029999,134.619995,136.309998,2941200
9/29/2015,136.5,139.830002,135.139999,137.720001,2699900
9/30/2015,138.899994,141.429993,138.389999,140,1812600
10/1/2015,140.309998,140.679993,137,138.940002,2142600
10/2/2015,138,141.869995,136.710007,141.850006,1429200
10/5/2015,142.889999,143.960007,142.020004,142.850006,1499300
10/6/2015,142.880005,142.919998,138.190002,139.460007,1621700
10/7/2015,139.949997,139.990005,135.25,139.410004,3358200
10/8/2015,139.220001,139.380005,136.179993,137.330002,1998000
10/9/2015,137.149994,141.320007,137.149994,140.490005,1951500
10/12/2015,141,143.880005,140.600006,143.860001,1418000
10/13/2015,143.710007,149.869995,143.470001,146.529999,2288200
10/14/2015,146.279999,147.869995,142.25,143.350006,1578700
10/15/2015,143.130005,145.559998,137.110001,145.229996,3427000
10/16/2015,146.860001,147.759995,145.880005,147.050003,1493900
10/19/2015,146.350006,149.369995,146.350006,148.809998,1308000
10/20/2015,148.979996,149.5,147.440002,148.240005,945500
10/21/2015,149.309998,149.380005,138.75,142.789993,3640000
10/22/2015,142.25,143.139999,135.240005,139.410004,5605600
10/23/2015,140.080002,143.279999,139.279999,140.949997,3150500
10/26/2015,140.960007,142.339996,139.539993,141.740005,1991800
10/27/2015,141.330002,146.100006,141.330002,144.690002,2728200
10/28/2015,141,144.979996,134.740005,141.800003,5090900
10/29/2015,140.850006,142.710007,140.399994,141.339996,2397800
10/30/2015,141.919998,141.919998,139.029999,139.149994,2132600
11/2/2015,139,140.520004,137.720001,139.860001,1802500
11/3/2015,139.100006,140.169998,135.529999,137.050003,1982100
11/4/2015,138,138.039993,133.089996,135.339996,3192100
11/5/2015,135.509995,136.440002,133.789993,136.039993,1847200
11/6/2015,134.979996,135.839996,132.460007,133.979996,2073900
11/9/2015,133.490005,134.309998,131.949997,133.770004,2552400
11/10/2015,133.770004,135.910004,133.539993,135.270004,1320600
11/11/2015,136.020004,136.020004,133.949997,134.190002,1751200
11/12/2015,134.360001,135.699997,133.259995,133.429993,1751000
11/13/2015,133.320007,134.5,132,132.550003,1784900
11/16/2015,132.759995,135.270004,132.759995,135.059998,1027900
11/17/2015,134.679993,138.199997,134.050003,136.25,1533800
11/18/2015,136.300003,137.660004,134.649994,137.300003,1800000
11/19/2015,130.520004,131.990005,126.25,127.860001,5775100
11/20/2015,128.169998,132,128.029999,131.289993,2765600
11/23/2015,131.669998,133.919998,131.029999,131.130005,1511100
11/24/2015,130.809998,131.880005,129.759995,131.630005,2029000
11/25/2015,131.5,131.820007,130.320007,131,1641100
11/27/2015,131.600006,132.289993,130.169998,131.220001,554900
11/30/2015,131.220001,131.580002,130.100006,130.380005,2315600
12/1/2015,131.110001,135.990005,130.320007,135.820007,2276900
12/2/2015,135.380005,137.139999,132.449997,132.919998,5880500
12/3/2015,132.779999,133.809998,129.039993,129.429993,2837600
12/4/2015,129.410004,133.179993,129.279999,132.75,1551000
12/7/2015,133.520004,133.520004,131.139999,132.779999,1970700
12/8/2015,132,133.449997,130.550003,131.600006,3459400
12/9/2015,130.800003,133.960007,130.460007,132.460007,2050700
12/10/2015,132.029999,135.199997,131.330002,134.839996,1687000
12/11/2015,134,137.479996,133.149994,135.779999,2629000
12/14/2015,136.229996,137,134.160004,135.529999,1356800
12/15/2015,136.229996,137.300003,134.029999,135.020004,1528900
12/16/2015,136.309998,138.119995,135.539993,137.779999,1459700
12/17/2015,137.699997,140.490005,137.259995,139.009995,1631800
12/18/2015,139,139.830002,137.75,137.75,1934800
12/21/2015,138.100006,140.619995,137.699997,139.529999,1393800
12/22/2015,140.100006,140.880005,138,140.190002,1780400
12/23/2015,140.470001,141.080002,139.580002,140.509995,901700
12/24/2015,140.679993,141.490005,140.449997,140.559998,357500
12/28/2015,140.279999,140.509995,139.009995,140.029999,481100
12/29/2015,140.520004,142.279999,140.309998,141.850006,669200
12/30/2015,141.869995,142.490005,140.759995,140.960007,470400
12/31/2015,140.119995,141.220001,139.419998,139.440002,706700
1/4/2016,137.660004,139.429993,137.009995,139.210007,1769800
1/5/2016,139.850006,141.949997,139.029999,141.240005,1841000
1/6/2016,139.619995,140.479996,136.899994,137.789993,1635900
1/7/2016,136.119995,137.820007,134.630005,135.429993,1596800
1/8/2016,135.490005,136.509995,131.789993,132.130005,1544900
1/11/2016,132.119995,132.990005,127.580002,128.360001,1729400
1/12/2016,130.5,136.520004,130,135.600006,2539800
1/13/2016,135.619995,137.169998,133.080002,134.139999,2171300
1/14/2016,134.789993,139.240005,133.860001,138.100006,2271200
1/15/2016,134.619995,136.710007,133.410004,134.990005,2426400
1/19/2016,136.669998,137.899994,133.809998,136.850006,2301400
1/20/2016,135.490005,139.080002,131.710007,137.490005,3338300
1/21/2016,137.149994,140.490005,137.009995,138.779999,2023300
1/22/2016,140.089996,141.800003,138.910004,141.399994,1681600
1/25/2016,141.75,141.75,137.669998,138.669998,1944900
1/26/2016,138.529999,139.710007,136.589996,137.759995,1879300
1/27/2016,134.839996,136.100006,129.75,131.229996,3647100
1/28/2016,131.089996,133.080002,126.419998,126.419998,3195100
1/29/2016,127.779999,130.529999,127.089996,130.490005,2383600
2/1/2016,131.619995,132.440002,129.229996,129.720001,1704000
2/2/2016,129.169998,129.889999,125.779999,127.010002,2251800
2/3/2016,127.620003,127.699997,123.480003,126.830002,2661200
2/4/2016,126,127.489998,122.779999,126.639999,2299100
2/5/2016,126.629997,127.089996,122.769997,123.379997,1366100
2/8/2016,122.099998,122.5,115.629997,117.220001,3280100
2/9/2016,117.050003,121.75,115.739998,119.82,2791800
2/10/2016,120.510002,123.160004,119.760002,121.470001,1074300
2/11/2016,119.800003,121.150002,118.82,119.980003,1929300
2/12/2016,120.519997,121.610001,119.769997,121.550003,1102300
2/16/2016,122.370003,124.970001,122.169998,124.830002,1439600
2/17/2016,125,127.709999,124.800003,127.559998,1441800
2/18/2016,127.660004,129.490005,127.529999,128.020004,1415700
2/19/2016,127.580002,129.130005,126.540001,127.230003,1359000
2/22/2016,128.119995,132.479996,128,132.169998,1734500
2/23/2016,131.899994,133.880005,130.809998,131.270004,1519900
2/24/2016,130.940002,131.070007,128.949997,130.75,1121800
2/25/2016,130.630005,132.240005,129.919998,132.229996,1316800
2/26/2016,132.550003,133.850006,131.880005,132.5,1325600
2/29/2016,131.860001,133.619995,130.679993,130.690002,1476200
3/1/2016,131.869995,132.169998,130.339996,131.800003,1576000
3/2/2016,132.059998,134.119995,131.220001,134.089996,1569100
3/3/2016,133.25,133.5,130.25,132.970001,1524900
3/4/2016,132.419998,132.880005,131.100006,132.350006,1286500
3/7/2016,131.089996,133.240005,130.699997,133.199997,1124700
3/8/2016,131.699997,133.979996,131.610001,132.479996,1241700
3/9/2016,133.130005,134.759995,132.300003,134.539993,1240200
3/10/2016,135.410004,139.600006,134.649994,137.809998,2099700
3/11/2016,138.399994,143.210007,138.369995,143.100006,2000200
3/14/2016,142.669998,144.690002,141.75,144.169998,1698700
3/15/2016,142.899994,143.880005,141.699997,142.309998,1507700
3/16/2016,142.309998,144,141.509995,143.509995,1358200
3/17/2016,143.669998,144,138.860001,140.350006,1609300
3/18/2016,140.839996,144.110001,140.529999,142.679993,1761900
3/21/2016,142.029999,142.350006,138.479996,140,1216700
3/22/2016,139.5,141.649994,138.949997,140.869995,1560200
3/23/2016,141.740005,141.860001,139.039993,139.5,1652100
3/24/2016,138.570007,140,137.869995,139.970001,1273800
3/28/2016,139.940002,140.789993,138.979996,139.559998,993700
3/29/2016,139.770004,140.559998,138.600006,140.279999,1490400
3/30/2016,141.029999,141.410004,139.75,139.970001,984400
3/31/2016,139.610001,140.300003,137.649994,138.990005,1375800
4/1/2016,138.539993,141.910004,137.830002,141.850006,1632900
4/4/2016,141.789993,147.429993,141.289993,147.259995,3195100
4/5/2016,144.809998,145.880005,143.139999,143.339996,2115200
4/6/2016,143.320007,144.990005,142.910004,144.869995,2447600
4/7/2016,143.669998,144.570007,142.5,143.419998,1525000
4/8/2016,144.369995,144.990005,142.529999,143.740005,1584700
4/11/2016,144.320007,145,140.720001,140.899994,1175900
4/12/2016,141.070007,143.440002,140.830002,142.869995,1142400
4/13/2016,143.580002,144.919998,142.5,143.550003,1179700
4/14/2016,143.160004,143.720001,141.5,143.210007,1402000
4/15/2016,143.050003,143.25,141.850006,142.910004,1420100
4/18/2016,142.779999,143.100006,142.050003,142.589996,1137300
4/19/2016,143.759995,144.580002,142.740005,144.399994,1726400
4/20/2016,144.509995,146.300003,143.419998,145.520004,1615000
4/21/2016,145.270004,146.5,144.820007,145.910004,1262500
4/22/2016,146.399994,147.990005,146,147.520004,1229700
4/25/2016,146.839996,148,145.149994,146.089996,1250800
4/26/2016,145.520004,147.179993,145.289993,147.070007,1627600
4/27/2016,146.149994,146.820007,140.990005,144.759995,2523300
4/28/2016,145.050003,146.399994,143.610001,144,1361900
4/29/2016,142.679993,142.679993,139.330002,140.770004,1579100
5/2/2016,141.679993,142,139.720001,140.479996,1612800
5/3/2016,139.899994,142.330002,139.899994,141.419998,1232500
5/4/2016,138.509995,139.270004,136.75,138.729996,2641500
5/5/2016,138.729996,139.529999,136.460007,137.070007,1710100
5/6/2016,136.789993,138.550003,135.850006,137.25,1286200
5/9/2016,136.960007,138.729996,136.649994,138.440002,1179900
5/10/2016,138.789993,140.410004,138.5,140.160004,1129700
5/11/2016,140.029999,141.75,139.419998,139.570007,1805100
5/12/2016,139.839996,140.199997,135.149994,136.080002,2177500
5/13/2016,136.179993,137.199997,134.770004,135.509995,1385500
5/16/2016,135.410004,137.449997,134.839996,137.229996,986200
5/17/2016,137.850006,137.850006,134.860001,136.210007,1355800
5/18/2016,136.179993,137.240005,134.960007,136.080002,970600
5/19/2016,135.380005,137.009995,133.380005,133.789993,1353200
5/20/2016,134.619995,135.990005,133.820007,135.729996,1085800
5/23/2016,134.699997,135.110001,132.910004,133.179993,2198100
5/24/2016,133.039993,134.210007,128.389999,128.479996,5836200
5/25/2016,129.199997,131.380005,128.759995,130.960007,4254900
5/26/2016,131.460007,131.539993,129.270004,129.610001,1651800
5/27/2016,130.100006,131.009995,129.5,130.699997,1579500
5/31/2016,131.25,132.490005,130.440002,132.160004,2311200
6/1/2016,132.160004,133.160004,131.059998,132.509995,1859400
6/2/2016,132.740005,133.410004,132.199997,133.289993,1462400
6/3/2016,132.410004,132.910004,131,131.839996,1298600
6/6/2016,131.820007,132.559998,131.589996,132.440002,1134300
6/7/2016,132.279999,133.539993,132.020004,132.910004,1577200
6/8/2016,132.25,134.25,132,134.199997,1558800
6/9/2016,133.929993,134.729996,133.360001,133.75,1467400
6/10/2016,133.139999,133.320007,131.149994,131.520004,1366400
6/13/2016,130.770004,132.320007,130.479996,130.679993,1133900
6/14/2016,130.610001,131.119995,129.850006,130.520004,1260900
6/15/2016,131.119995,131.949997,130.320007,130.610001,1316200
6/16/2016,132.110001,133.470001,130.110001,132.279999,2788200
6/17/2016,132.270004,132.789993,131.479996,132.339996,2039400
6/20/2016,133.630005,134.309998,132.059998,132.720001,2068800
6/21/2016,133.369995,133.429993,131.350006,131.449997,2065700
6/22/2016,131.300003,131.300003,128.369995,128.720001,3640200
6/23/2016,129.75,130.289993,127.720001,128.669998,3328500
6/24/2016,124.82,127.5,123.709999,126.379997,3111700
6/27/2016,125.330002,125.330002,122.910004,124.849998,2311400
6/28/2016,126.209999,128.080002,125.400002,127.050003,2646800
6/29/2016,127.75,131.509995,127.330002,131.479996,2420300
6/30/2016,130.869995,132.149994,130.289993,131.339996,2307500
7/1/2016,131.25,132.440002,130.320007,131.669998,1222700
7/5/2016,131.649994,131.910004,130.169998,130.839996,998000
7/6/2016,130.270004,132.789993,129.839996,132.119995,1707100
7/7/2016,132.440002,132.449997,128.550003,129.440002,2007600
7/8/2016,130.289993,132.869995,128.740005,132.149994,1721700
7/11/2016,132.300003,132.550003,130.320007,131.559998,1382200
7/12/2016,132.059998,132.449997,131.410004,131.880005,1083800
7/13/2016,132.419998,133.820007,131.979996,133.740005,1509500
7/14/2016,134.470001,134.669998,133.5,133.910004,828400
7/15/2016,134.529999,135.960007,133.699997,134.309998,1206700
7/18/2016,134.710007,135.289993,134.139999,135,1060600
7/19/2016,133.759995,134.600006,130,132.059998,2670000
7/20/2016,133.080002,136.479996,132.720001,135.470001,1831300
7/21/2016,134.580002,140.619995,134.160004,139,3560700
7/22/2016,139.729996,143.179993,139.139999,142.940002,2631700
7/25/2016,142.630005,142.940002,139.770004,139.979996,2140900
7/26/2016,139.419998,140.089996,137.089996,137.589996,2712700
7/27/2016,133.5,137.990005,132,133.860001,3379800
7/28/2016,133.149994,134.240005,132.050003,132.899994,2530500
7/29/2016,131.960007,132.970001,131.199997,131.339996,1916200
8/1/2016,131.460007,131.679993,127.330002,127.610001,2633800
8/2/2016,127.980003,128.970001,125.300003,125.559998,3231300
8/3/2016,125.730003,128.889999,125.389999,127.870003,2597400
8/4/2016,127.690002,127.879997,126.129997,126.82,1409700
8/5/2016,127.739998,128.570007,127.110001,127.860001,1187300
8/8/2016,127.660004,128.350006,127.080002,127.739998,1555800
8/9/2016,128.089996,128.490005,127.550003,128.449997,1277000
8/10/2016,128.169998,129.529999,127.580002,128.149994,1718600
8/11/2016,128.369995,128.600006,127.599998,128.199997,1412900
8/12/2016,128.009995,131.259995,127.589996,130.190002,1968800
8/15/2016,129.679993,130.119995,128.899994,129.289993,1655400
8/16/2016,129.179993,129.820007,128.160004,129.330002,1214300
8/17/2016,129.300003,129.779999,128.779999,129.539993,1246700
8/18/2016,129.050003,131.100006,128.839996,129.429993,1866600
8/19/2016,129.080002,129.970001,128.669998,129.520004,1795100
8/22/2016,129.710007,130.699997,129.350006,129.720001,677800
8/23/2016,130.25,130.309998,128.970001,129.119995,955400
8/24/2016,129.369995,130,127.349998,127.610001,1139100
8/25/2016,127.230003,128.639999,127.010002,127.110001,1396800
8/26/2016,127.309998,127.860001,124.529999,124.940002,1637700
8/29/2016,124.839996,125.32,124.160004,124.18,2475700
8/30/2016,124.18,125.610001,124,125.419998,1457500
8/31/2016,125.459999,125.900002,124.230003,125.080002,1236400
9/1/2016,124.900002,125.720001,123.18,123.360001,1985000
9/2/2016,123.510002,124.32,123.019997,124.239998,1212600
9/6/2016,124.099998,124.900002,123.760002,124.290001,1390300
9/7/2016,123.720001,125.889999,123.099998,125.849998,1916000
9/8/2016,125.699997,127.760002,125.699997,127.669998,2126500
9/9/2016,126.93,128.179993,126.519997,126.889999,2052300
9/12/2016,126.389999,128.860001,125.589996,128.580002,1628600
9/13/2016,126.220001,127,123.949997,124.57,2282300
9/14/2016,124.400002,125,122.519997,123.290001,1879900
9/15/2016,123.209999,124.889999,122.959999,124.339996,1404100
9/16/2016,124.370003,126.690002,123.870003,125.519997,1743000
9/19/2016,125.389999,126.709999,125.139999,126.32,1569300
9/20/2016,126.470001,126.93,124.980003,125.760002,1772900
9/21/2016,126.559998,128.75,126.080002,128.589996,1464700
9/22/2016,128.820007,129.619995,127.839996,128.419998,1095900
9/23/2016,127.800003,128.419998,126.440002,126.559998,1224900
9/26/2016,126,126.480003,124.860001,125.080002,1005900
9/27/2016,125.089996,126.339996,124.400002,126.300003,1071400
9/28/2016,126.699997,127.900002,126.239998,127.370003,1078600
9/29/2016,127.190002,127.190002,124.879997,124.93,1027200
9/30/2016,125.379997,125.830002,124.010002,125.309998,1968200
10/3/2016,124.739998,125.32,122.580002,122.900002,1777200
10/4/2016,123.220001,123.949997,121.709999,122.440002,1598000
10/5/2016,122.440002,122.57,120.970001,122.07,1967700
10/6/2016,122.129997,122.779999,121.550003,122.349998,1520000
10/7/2016,122.279999,122.739998,120.779999,121.900002,1699200
10/10/2016,122.339996,124.940002,122.339996,124.800003,1363000
10/11/2016,124.68,124.790001,121.550003,121.900002,1281400
10/12/2016,122.050003,122.5,120.169998,120.849998,1933600
10/13/2016,120.32,121.279999,119.790001,121,1606600
10/14/2016,121.18,121.809998,120.760002,121.089996,1280800
10/17/2016,120.379997,120.949997,117.5,118.279999,3201100
10/18/2016,120.019997,123.769997,119.660004,123.150002,2282900
10/19/2016,123.239998,124.120003,122.629997,123.830002,1170200
10/20/2016,123.779999,125.57,123.349998,124.029999,1238900
10/21/2016,123.050003,123.720001,121.919998,123.5,1228100
10/24/2016,124.230003,124.940002,123.860001,124.489998,851700
10/25/2016,124.370003,125.449997,123.809998,124.5,941300
10/26/2016,124.470001,125.040001,123.779999,124.169998,1200400
10/27/2016,124,124.589996,122.739998,123.489998,1351600
10/28/2016,123.099998,123.129997,121.449997,121.620003,1947600
10/31/2016,122.349998,123,121.440002,121.860001,1303600
11/1/2016,122.440002,122.440002,116.879997,117.419998,2847700
11/2/2016,117.769997,123.870003,114.849998,122.989998,3477300
11/3/2016,123.480003,124.580002,119.690002,120.029999,2069800
11/4/2016,120.669998,121.239998,119.169998,119.290001,1761700
11/7/2016,121.029999,123.93,120.349998,123.489998,2221700
11/8/2016,123.190002,127.419998,122.43,126.839996,1806500
11/9/2016,120.400002,129.729996,118.419998,128.75,4356400
11/10/2016,129.559998,133.979996,129.229996,133.860001,2999400
11/11/2016,133.550003,135.009995,131.380005,133.679993,2669300
11/14/2016,133.800003,138.75,132.649994,138.600006,2130200
11/15/2016,140.020004,142.619995,136.820007,138.419998,2501900
11/16/2016,138.369995,139.369995,137.899994,138.389999,1391500
11/17/2016,138.449997,138.720001,136.889999,137.880005,1505300
11/18/2016,137.389999,137.589996,135,135.350006,2188600
11/21/2016,136,137.880005,135.679993,137.360001,1204100
11/22/2016,138.289993,141.570007,137.639999,141.309998,2694900
11/23/2016,141.479996,143.660004,140.339996,143.619995,1694400
11/25/2016,143.619995,145.210007,142.820007,144.740005,1231500
11/28/2016,144.059998,145.190002,142.729996,143.240005,1934300
11/29/2016,143.729996,146.089996,142.559998,145.279999,1999600
11/30/2016,145.509995,145.509995,142.039993,142.529999,2535100
12/1/2016,142.380005,146.220001,141.820007,145.169998,2545400
12/2/2016,145.009995,147.429993,144.669998,145.100006,1418000
12/5/2016,145.059998,145.529999,142.770004,144.089996,1858900
12/6/2016,144.440002,144.919998,142.910004,143.550003,1019500
12/7/2016,143.539993,145.600006,142.710007,145.199997,1435700
12/8/2016,145.259995,147.5,143.610001,146.610001,960000
12/9/2016,147,147,144.360001,145.880005,1060200
12/12/2016,145.220001,145.990005,142.699997,145.789993,1342900
12/13/2016,146.410004,147.25,145.070007,146.580002,1075400
12/14/2016,146.610001,146.610001,143.770004,144.690002,1201400
12/15/2016,145.380005,145.470001,143.190002,143.669998,1429400
12/16/2016,144.350006,145.869995,143.600006,145.460007,1874800
12/19/2016,145.809998,146.979996,144.320007,144.880005,966500
12/20/2016,145.5,148.259995,144.940002,147.660004,1449300
12/21/2016,146.910004,147.479996,144.149994,144.979996,960500
12/22/2016,145.240005,145.460007,143.860001,144.580002,947700
12/23/2016,144.830002,146.039993,144,146.020004,428700
12/27/2016,146.020004,147.139999,145.410004,145.679993,361100
12/28/2016,145.75,146.600006,144.009995,144.259995,950400
12/29/2016,144.75,145.949997,144.330002,144.759995,571400
12/30/2016,144.880005,145.5,143.110001,143.770004,1085700
1/3/2017,144.539993,144.779999,140.5,143.240005,1525800
1/4/2017,142.679993,143.850006,140.860001,143.050003,1250500
1/5/2017,143.029999,145.889999,143,144.570007,1646000
1/6/2017,144.380005,144.759995,143.279999,144.350006,1105600
1/9/2017,143.240005,143.740005,142.460007,142.789993,906700
1/10/2017,142.389999,147.490005,142.039993,146.339996,1637600
1/11/2017,146.190002,146.740005,143.990005,145.830002,950400
1/12/2017,144.770004,148.389999,144.339996,148.190002,2013800
1/13/2017,148.369995,149.580002,147.410004,148.529999,1405200
1/17/2017,147.190002,148.050003,145.309998,146.75,956500
1/18/2017,147.419998,147.850006,145.970001,147.220001,1760000
1/19/2017,146.949997,149.949997,144.440002,148.110001,2091000
1/20/2017,149.020004,151.990005,149,150.630005,1961400
1/23/2017,150,150.600006,146.779999,150.160004,2051400
1/24/2017,150,152.550003,148.809998,150.229996,1609500
1/25/2017,150.75,154.610001,150.75,153.710007,1967200
1/26/2017,153.080002,153.789993,151.919998,152.399994,1434000
1/27/2017,153.050003,154.240005,152.020004,153.350006,1760200
1/30/2017,154.449997,154.479996,152.160004,154.179993,2243700
1/31/2017,154.369995,154.970001,151.770004,154.139999,2684100
2/1/2017,155,160.789993,154.369995,160.789993,4345200
2/2/2017,160,160.309998,156.660004,157.660004,2522600
2/3/2017,158.580002,161.800003,158.320007,159.080002,1988400
2/6/2017,158.699997,159.990005,156.169998,156.809998,1575100
2/7/2017,157.399994,159.220001,155.350006,158.589996,2059200
2/8/2017,157.759995,159.110001,156.809998,158.600006,1767400
2/9/2017,158.759995,162.490005,157.740005,161.679993,2565100
2/10/2017,162.380005,162.479996,160.190002,162.320007,1341400
2/13/2017,162.979996,164.220001,161,163.520004,1383900
2/14/2017,162.600006,165.880005,160.610001,163.320007,4396000
2/15/2017,163.029999,164.669998,161.759995,162.690002,3009300
2/16/2017,161.990005,164.139999,160.289993,163.770004,2085700
2/17/2017,161.779999,163.25,159.639999,160.25,2302800
2/21/2017,160.740005,164.479996,160.279999,164.220001,2212000
2/22/2017,163.070007,164.369995,162.529999,163.270004,1129700
2/23/2017,163.949997,164.309998,163.210007,163.919998,845500
2/24/2017,163.729996,163.899994,161.190002,163.830002,956000
2/27/2017,163.389999,165.460007,162.850006,164.910004,1461200
2/28/2017,165.070007,165.190002,163.130005,164.820007,1642800
3/1/2017,166.169998,169.199997,166.100006,166.970001,2423600
3/2/2017,166.809998,167.649994,165.600006,165.970001,1232800
3/3/2017,165.850006,166.399994,165.110001,166,992400
3/6/2017,164.710007,166.330002,164,165.839996,2218800
3/7/2017,165.339996,166.960007,165.25,166.009995,1689000
3/8/2017,165.990005,166.470001,165.330002,165.649994,949600
3/9/2017,166,167.139999,165.300003,166.179993,2008400
3/10/2017,166.979996,167.589996,165.369995,166.410004,1098100
3/13/2017,166.190002,167.479996,165.649994,167.240005,1520500
3/14/2017,165.970001,167.199997,163.190002,165.179993,1279400
3/15/2017,166,170.789993,165.179993,169.199997,1953900
3/16/2017,169.199997,169.800003,166.610001,168.419998,1993100
3/17/2017,168.770004,169.149994,167.059998,168.270004,1605400
3/20/2017,168.320007,168.440002,166.649994,167.589996,1268900
3/21/2017,168.229996,168.5,166.179993,166.990005,1529200
3/22/2017,167.100006,167.789993,165.449997,166.440002,1309600
3/23/2017,166.440002,166.940002,164.850006,165.380005,1899200
3/24/2017,165.880005,167.080002,161.539993,162.75,2199200
3/27/2017,160.509995,162.339996,158.669998,162.190002,2355800
3/28/2017,161.690002,165.029999,161.679993,164.600006,1324900
3/29/2017,164.369995,165.770004,164,164.979996,1019900
3/30/2017,164.850006,167.830002,164.679993,167.080002,1055800
3/31/2017,166.589996,166.970001,164.929993,165.380005,1287700
4/3/2017,165.380005,167.619995,165.350006,166.490005,1489200
4/4/2017,166.630005,167.440002,164.850006,165.699997,858500
4/5/2017,166.259995,166.850006,164.559998,164.75,1046000
4/6/2017,164.630005,166.220001,163.869995,165.919998,1002200
4/7/2017,165.410004,166.910004,165.080002,166.259995,1094600
4/10/2017,166.380005,168.720001,166.350006,167.440002,1056000
4/11/2017,166.940002,167.580002,165.729996,167.429993,1042900
4/12/2017,166.649994,167.350006,165.240005,166.429993,1075700
4/13/2017,165.940002,166.399994,164.649994,164.990005,1264200
4/17/2017,165.509995,167.309998,164.910004,166.940002,900500
4/18/2017,170,170.179993,165.649994,166.369995,966400
4/19/2017,167.210007,167.600006,165.820007,166.789993,1069500
4/20/2017,166.929993,169.440002,166.350006,168.070007,1761500
4/21/2017,168,168.770004,166.5,167.800003,1225100
4/24/2017,169.289993,169.889999,168.169998,168.410004,1004300
4/25/2017,170,173.279999,169.529999,172.460007,2201400
4/26/2017,174.119995,180.009995,174,179.029999,3561100
4/27/2017,180.270004,184.449997,177.850006,178.300003,2621300
4/28/2017,176.429993,179.149994,175.830002,177.889999,1741100
5/1/2017,178.5,179.639999,176.850006,179.199997,1203800
5/2/2017,179.679993,181.350006,178.229996,181.270004,1237700
5/3/2017,180.570007,181.949997,179.479996,179.940002,1297600
5/4/2017,180.679993,181.449997,179.080002,179.889999,980700
5/5/2017,180.820007,181.5,179.220001,180.300003,1215000
5/8/2017,180.639999,181.389999,179.089996,179.830002,826400
5/9/2017,179.729996,180.610001,177.559998,177.729996,2221800
5/10/2017,177.919998,180.289993,177.509995,180.130005,1233100
5/11/2017,180.100006,183.369995,178.869995,182.720001,1782200
5/12/2017,181.270004,183.789993,180.720001,181.440002,1000500
5/15/2017,180.720001,182.789993,179.600006,182.300003,1363100
5/16/2017,182.179993,182.559998,179.570007,180.809998,1321300
5/17/2017,180.809998,180.809998,176.020004,176.119995,1938500
5/18/2017,176.100006,178.5,175.169998,176.690002,1353800
5/19/2017,177,178.039993,175.869995,176.410004,1899400
5/22/2017,176.899994,177.039993,174.960007,176.5,1660900
5/23/2017,176.490005,177.899994,175.660004,177.710007,1709800
5/24/2017,178.229996,181.229996,177.210007,180.080002,1426800
5/25/2017,180.300003,182.520004,180.149994,181.5,1426400
5/26/2017,181.929993,183.130005,180.600006,183.080002,897500
5/30/2017,181.699997,185,180.850006,183.320007,1513100
5/31/2017,183.820007,184.089996,181.25,182.350006,1807600
6/1/2017,182.789993,188,182.690002,187.690002,1930800
6/2/2017,187.130005,188.279999,185.860001,187.580002,1229800
6/5/2017,187.350006,187.880005,186.009995,186.690002,928600
6/6/2017,186.490005,189.179993,186.059998,187.649994,1303300
6/7/2017,187.25,189.300003,186.570007,188.330002,1578700
6/8/2017,188.330002,189,186.630005,187.589996,1613100
6/9/2017,188.369995,188.690002,186.220001,186.919998,1880500
6/12/2017,187.220001,187.309998,183.100006,186.740005,1804300
6/13/2017,186.729996,187.669998,185.410004,187.160004,1107900
6/14/2017,187.509995,189.080002,187.160004,188.770004,777000
6/15/2017,187.279999,189.389999,187.110001,188.75,791700
6/16/2017,189.360001,190.259995,188.470001,189.960007,1864300
6/19/2017,190.330002,192.850006,189.949997,192.740005,1992500
6/20/2017,192.25,193.130005,191.169998,192,1806900
6/21/2017,192.330002,193.669998,190.960007,192.070007,2080000
6/22/2017,192.130005,194.940002,192.130005,193.360001,2159400
6/23/2017,194.039993,194.039993,189.910004,190.169998,3143700
6/26/2017,190.199997,190.809998,186.789993,188.149994,2230800
6/27/2017,188.710007,189.399994,186.639999,187.410004,1417900
6/28/2017,188.589996,189.089996,187.399994,187.919998,1712300
6/29/2017,188.860001,188.979996,186.490005,187.169998,1306000
6/30/2017,187.490005,188.850006,187,188.130005,2034200
7/3/2017,189.210007,191.179993,188.350006,189.600006,815300
7/5/2017,189.490005,191.919998,189.190002,191.25,1397600
7/6/2017,191,191.039993,189.199997,190.279999,1111200
7/7/2017,191,192.240005,190.009995,191.610001,780700
7/10/2017,190.949997,192.679993,190.550003,192.119995,1006600
7/11/2017,191.479996,192.660004,190.740005,192.100006,1206200
7/12/2017,192.429993,194.380005,191.630005,193.539993,1283900
7/13/2017,193.380005,193.889999,191.139999,192.550003,1244800
7/14/2017,192.479996,193.149994,191.529999,192.559998,1124500
7/17/2017,192.669998,192.759995,191.600006,192.089996,942100
7/18/2017,192.669998,193.25,188.009995,189.449997,1841700
7/19/2017,189.809998,191.199997,189.520004,190.289993,1042800
7/20/2017,190.179993,191.389999,189.729996,190.690002,1250700
7/21/2017,190.100006,191.149994,189.990005,190.649994,1227900
7/24/2017,190.970001,191.600006,189.800003,191,1139400
7/25/2017,192,192.800003,190.289993,190.580002,1712400
7/26/2017,181.190002,187.610001,179.559998,184.990005,2605100
7/27/2017,184.529999,184.940002,182.039993,183.520004,1824000
7/28/2017,183.669998,188.339996,182.330002,187.789993,1301100
7/31/2017,187.820007,188.199997,186.130005,186.210007,1361000
8/1/2017,187,188.169998,186.259995,186.669998,1226900
8/2/2017,186.490005,189.889999,186.020004,188.949997,1260500
8/3/2017,189.279999,191.830002,188.960007,191.440002,1155300
8/4/2017,192.5,192.5,189.860001,190.479996,966800
8/7/2017,190.330002,191.539993,189.259995,190.610001,811300
8/8/2017,190.490005,193.360001,189.520004,191.979996,1226500
8/9/2017,191.940002,193.160004,191.070007,192.850006,827800
8/10/2017,191.949997,193.080002,189.529999,189.720001,1224400
8/11/2017,190.5,190.75,188.919998,189.429993,1212400
8/14/2017,190.220001,192.220001,190.220001,191.309998,939700
8/15/2017,192,193.479996,191.350006,192.990005,864500
8/16/2017,193.699997,194.580002,193.050003,193.350006,841600
8/17/2017,193.270004,193.949997,191.580002,191.960007,822200
8/18/2017,192.449997,192.449997,190.699997,191.020004,1061200
8/21/2017,191.300003,193.149994,191.080002,192.970001,1261700
8/22/2017,192.970001,196.479996,192.070007,194.949997,1548500
8/23/2017,194.240005,195.309998,193.690002,195.229996,1114100
8/24/2017,195.220001,195.770004,192.240005,192.899994,1186200
8/25/2017,193.589996,194.550003,192.589996,192.679993,1421000
8/28/2017,193.039993,194.550003,192.699997,193.479996,1576700
8/29/2017,192.789993,194.779999,192.770004,193.830002,1116700
8/30/2017,193.520004,193.860001,191.479996,191.5,1892400
8/31/2017,192.710007,196.320007,192.410004,196.039993,2437000
9/1/2017,196.039993,197.570007,195.649994,197.429993,916400
9/5/2017,196.419998,198.979996,195.660004,197.179993,1469400
9/6/2017,197.600006,198.130005,192.509995,193.649994,1825500
9/7/2017,192.949997,193.940002,191.880005,192.639999,1160900
9/8/2017,192.710007,195.009995,192.339996,193.850006,1254200
9/11/2017,195.149994,196.139999,193.889999,195.949997,1375400
9/12/2017,195.889999,195.889999,188,189.240005,2707900
9/13/2017,189.410004,191.990005,188.770004,189.720001,1340200
9/14/2017,189.580002,190,186.589996,186.75,1988600
9/15/2017,186.300003,187.889999,184.679993,186.589996,2608700
9/18/2017,187.179993,187.520004,184.979996,185,1868000
9/19/2017,186.5,186.5,180.929993,181.440002,3737800
9/20/2017,181.389999,183.529999,179.399994,183.490005,3070500
9/21/2017,183.110001,184.440002,182.149994,183.5,1637100
9/22/2017,183.5,185.779999,180.710007,182.860001,2244300
9/25/2017,183.009995,185.410004,181.139999,181.5,2044900
9/26/2017,182.25,184.970001,182.089996,184.279999,1819600
9/27/2017,184.779999,186.869995,183.490005,186.449997,1608400
9/28/2017,185.949997,190.139999,185.529999,189.779999,2457300
9/29/2017,189.389999,189.940002,187.809998,189.880005,1259300
10/2/2017,191.210007,191.779999,190,191.110001,1520000
10/3/2017,191.190002,193.380005,190.850006,193.229996,1030600
10/4/2017,193.5,194.869995,193.229996,193.419998,973400
10/5/2017,193.410004,194.050003,191.770004,192.919998,1187800
10/6/2017,193.070007,194.139999,192.669998,193.220001,848000
10/9/2017,192.820007,193.490005,189.929993,190.740005,1367400
10/10/2017,190.339996,190.690002,187.360001,188.639999,1128100
10/11/2017,188.779999,190.339996,187.550003,189.889999,1058800
10/12/2017,190.570007,190.850006,188.589996,189.740005,1646300
10/13/2017,185.5,187,182.309998,183.830002,3280000
10/16/2017,183.330002,185.369995,182.710007,183.759995,1366100
10/17/2017,184.160004,189.550003,183.690002,187.259995,2025700
10/18/2017,190.380005,199.229996,190.009995,191.789993,3293400
10/19/2017,191.270004,193.320007,187.75,193.199997,2270500
10/20/2017,193.770004,196.949997,193.690002,194.690002,1234500
10/23/2017,194.550003,197.490005,193.330002,195.639999,1028100
10/24/2017,195.809998,196.529999,194.020004,195.25,1963800
10/25/2017,200,209.740005,199.75,205.710007,3741200
10/26/2017,206,209.910004,205.240005,206.910004,2114500
10/27/2017,207,212,205.940002,211.339996,2219500
10/30/2017,211,212.070007,208.639999,209.460007,1442900
10/31/2017,209.660004,210,206.979996,209.210007,1266400
11/1/2017,210.029999,210.979996,208.669998,209.529999,1857800
11/2/2017,210.199997,211.360001,208.399994,210.589996,1087500
11/3/2017,210.660004,213.449997,209.25,211.800003,1177200
11/6/2017,213.600006,220,213.169998,216.300003,2516100
11/7/2017,217.419998,220.75,214.479996,217.470001,1681900
11/8/2017,216.309998,218.880005,215.169998,216.869995,1149300
11/9/2017,215.75,217.110001,213.289993,215.979996,919700
11/10/2017,216.130005,218.979996,214.949997,218.270004,1835400
11/13/2017,217.179993,219.809998,216.789993,218.460007,2433000
11/14/2017,218,219.490005,215.940002,218.449997,1316100
11/15/2017,217.559998,219.139999,216.919998,218.199997,1190700
11/16/2017,217.710007,222.210007,217.710007,220.889999,1459600
11/17/2017,220.570007,222.240005,220.149994,220.830002,1203500
11/20/2017,221,221.630005,218.009995,219.5,1304100
11/21/2017,220.880005,221.649994,219.289993,220.020004,1559500
11/22/2017,219.860001,221.029999,219.279999,220.419998,1215700
11/24/2017,220.669998,221.470001,219.850006,220.389999,443200
11/27/2017,220.809998,221.220001,219.389999,220.029999,2132500
11/28/2017,220.770004,222.580002,219.240005,222.279999,1712000
11/29/2017,222.770004,230.460007,222.669998,227.309998,2198500
11/30/2017,227.429993,236.039993,226.729996,234.960007,4622400
12/1/2017,235.5,236.389999,227.089996,232.339996,2742200
12/4/2017,233.610001,233.610001,224.809998,224.949997,1856600
12/5/2017,224.949997,225.100006,222.320007,223.490005,1870300
12/6/2017,224.309998,224.309998,222.25,222.710007,1013000
12/7/2017,222.639999,224.740005,222.509995,223.639999,1222400
12/8/2017,225.639999,226.149994,224.110001,224.850006,981300
12/11/2017,225.600006,227.679993,225.080002,226.020004,1401900
12/12/2017,226.160004,229.089996,225.130005,228.75,2179500
12/13/2017,229.740005,232.949997,228.360001,232.059998,2604700
12/14/2017,231.630005,232.529999,226.119995,227.119995,1937500
12/15/2017,227.509995,229.080002,225.759995,226.210007,3398400
12/18/2017,228.270004,229.419998,224.539993,227.020004,1441500
12/19/2017,227.059998,229.119995,225.449997,227.990005,1134300
12/20/2017,227.990005,231.179993,227.779999,227.919998,1109900
12/21/2017,228.860001,228.860001,224.960007,225.080002,934700
12/22/2017,225.889999,226.820007,223.669998,225.600006,1215500
12/26/2017,225.669998,226.929993,225.009995,225.429993,441200
12/27/2017,226.210007,226.339996,224.119995,225.240005,1237400
12/28/2017,226.199997,227.389999,225,227.039993,703400
12/29/2017,227.809998,228.5,224.800003,225.009995,857900
1/2/2018,225,226.600006,223.75,226,1291400
1/3/2018,227.869995,229.550003,225.059998,229.149994,1302000
1/4/2018,229.600006,231.410004,228.860001,230.210007,1063000
1/5/2018,230.190002,234.539993,229.880005,234.339996,1427600
1/8/2018,233.490005,233.490005,230.729996,231.820007,1630800
1/9/2018,231.820007,235.470001,231.009995,234.660004,1777100
1/10/2018,233.070007,234.770004,232.070007,233.889999,851200
1/11/2018,234,237,233.899994,235,1520300
1/12/2018,239.130005,240.399994,237.570007,239.820007,1916500
1/16/2018,241.199997,243.809998,240.580002,241.75,1513800
1/17/2018,243.009995,250.039993,242.160004,249.149994,1712100
1/18/2018,250.25,250.25,247.009995,249.649994,1205700
1/19/2018,250.649994,250.679993,249.350006,250.059998,1523500
1/22/2018,250.149994,250.910004,248,250.5,1267400
1/23/2018,250.470001,250.679993,248.710007,250.5,1007300
1/24/2018,251.089996,253.869995,250.050003,252.990005,1472800
1/25/2018,252.910004,254.410004,250.220001,251.350006,1075800
1/26/2018,251.350006,258.529999,250.110001,258.190002,1213300
1/29/2018,256.690002,259.040009,256.070007,257.019989,1975900
1/30/2018,243.809998,249.470001,239.479996,243.440002,4527900
1/31/2018,260.209991,267.950012,244.820007,247.850006,4063300
2/1/2018,247.419998,248.919998,241.910004,243.929993,2001700
2/2/2018,242.050003,243.839996,238.619995,239.179993,1380000
2/5/2018,238.110001,239.669998,227.809998,230.449997,2016400
2/6/2018,225.820007,236.350006,224.610001,234.830002,2347100
2/7/2018,233.880005,240.679993,232.710007,238.440002,2311700
2/8/2018,238.020004,240.25,230.419998,230.570007,2362400
2/9/2018,232.289993,233.429993,225.339996,231.710007,2597200
2/12/2018,232.679993,234.449997,230.460007,232.770004,1790900
2/13/2018,230.830002,234.830002,229.360001,233.449997,1397900
2/14/2018,231.710007,235.729996,231.460007,235.020004,1500200
2/15/2018,237.100006,237.100006,229.330002,232.059998,1532800
2/16/2018,231.360001,236.300003,231.360001,235.020004,1086600
2/20/2018,233.279999,234.850006,231.619995,232.220001,998800
2/21/2018,233,235.440002,232,232.029999,967000
2/22/2018,233.270004,235.169998,232,233.679993,1023500
2/23/2018,234.979996,235.559998,232.830002,235.240005,1052700
2/26/2018,235.429993,238.660004,234.350006,238.220001,974300
